[
  {
    "name": "경상남도사회서비스원 (광역)",
    "address": "경상남도 김해시 주촌면 골든루트로 80-16",
    "phone": "055-328-9866",
    "category": "응급안전",
    "lat": 35.2131905569009,
    "lng": 128.831654432842
  },
  {
    "name": "함양군 응급안전안심센터",
    "address": "경상남도 함양군 함양읍 고운로 34",
    "phone": "055-964-9921",
    "category": "응급안전",
    "lat": 35.5198367809676,
    "lng": 127.725161525958
  },
  {
    "name": "합천군 응급안전안심센터 (지역자활)",
    "address": "경상남도 합천군 합천읍 동서로 39",
    "phone": "055-933-1121",
    "category": "응급안전",
    "lat": 35.5679281116892,
    "lng": 128.156753359361
  }
]