[{"제출일시":"2026-02-05T04:22:52.814Z","시군":"창원시","기관명":"정현사회적협동조합","기관코드":"A48120011","담당자_이름":"김정숙","담당자_연락처":"055-2719-913","전담사회복지사_남":1,"전담사회복지사_여":3,"생활지원사_남":0,"생활지원사_여":53,"일반중점_남_일반":119,"일반중점_남_중점":8,"일반중점_여_일반":609,"일반중점_여_중점":49,"특화_남":0,"특화_여":0,"신규대상자_남":2,"신규대상자_여":8,"종결자_남_사망":0,"종결자_남_서비스거부":0,"종결자_남_기타":1,"종결자_여_사망":0,"종결자_여_서비스거부":0,"종결자_여_기타":12,"거점수행기관여부":false,"단기_전담인력_사회복지사_남":0,"단기_전담인력_사회복지사_여":0,"단기_전담인력_돌봄제공인력_남":0,"단기_전담인력_돌봄제공인력_여":0,"단기_남":0,"단기_여":0,"단기_기본_1개월":0,"단기_연장_2개월":0,"단기_기타":0,"단기_당월신규_남":0,"단기_당월신규_여":0,"단기_기간만료_남":0,"단기_기간만료_여":0,"단기_중도포기_남":0,"단기_중도포기_여":0,"배정_전담사회복지사":4,"배정_생활지원사":54,"배정_이용자":817,"변경여부":"변경없음"},{"제출일시":"2026-02-05T04:33:24.226Z","시군":"진주시","기관명":"진주노인통합지원센터","기관코드":"A48170002","담당자_이름":"박언욱","담당자_연락처":"010-2843-6867","전담사회복지사_남":0,"전담사회복지사_여":3,"생활지원사_남":0,"생활지원사_여":48,"일반중점_남_일반":113,"일반중점_남_중점":8,"일반중점_여_일반":542,"일반중점_여_중점":57,"특화_남":0,"특화_여":0,"신규대상자_남":2,"신규대상자_여":13,"종결자_남_사망":0,"종결자_남_서비스거부":0,"종결자_남_기타":1,"종결자_여_사망":2,"종결자_여_서비스거부":7,"종결자_여_기타":11,"거점수행기관여부":false,"단기_전담인력_사회복지사_남":0,"단기_전담인력_사회복지사_여":0,"단기_전담인력_돌봄제공인력_남":0,"단기_전담인력_돌봄제공인력_여":0,"단기_남":0,"단기_여":0,"단기_기본_1개월":0,"단기_연장_2개월":0,"단기_기타":0,"단기_당월신규_남":0,"단기_당월신규_여":0,"단기_기간만료_남":0,"단기_기간만료_여":0,"단기_중도포기_남":0,"단기_중도포기_여":0,"배정_전담사회복지사":3,"배정_생활지원사":48,"배정_이용자":720,"변경여부":"변경없음"},{"제출일시":"2026-02-05T04:38:46.195Z","시군":"창원시","기관명":"경남고용복지센터","기관코드":"A48120014","담당자_이름":"이영아","담당자_연락처":"010-7330-1750","전담사회복지사_남":0,"전담사회복지사_여":4,"생활지원사_남":0,"생활지원사_여":39,"일반중점_남_일반":91,"일반중점_남_중점":9,"일반중점_여_일반":445,"일반중점_여_중점":44,"특화_남":0,"특화_여":12,"신규대상자_남":2,"신규대상자_여":6,"종결자_남_사망":0,"종결자_남_서비스거부":0,"종결자_남_기타":1,"종결자_여_사망":0,"종결자_여_서비스거부":6,"종결자_여_기타":1,"거점수행기관여부":false,"단기_전담인력_사회복지사_남":0,"단기_전담인력_사회복지사_여":0,"단기_전담인력_돌봄제공인력_남":0,"단기_전담인력_돌봄제공인력_여":0,"단기_남":0,"단기_여":0,"단기_기본_1개월":0,"단기_연장_2개월":0,"단기_기타":0,"단기_당월신규_남":0,"단기_당월신규_여":0,"단기_기간만료_남":0,"단기_기간만료_여":0,"단기_중도포기_남":0,"단기_중도포기_여":0,"배정_전담사회복지사":4,"배정_생활지원사":45,"배정_이용자":747,"변경여부":"변경없음"},{"제출일시":"2026-02-05T05:01:47.860Z","시군":"남해군","기관명":"화방재가복지센터","기관코드":"A48840002","담당자_이름":"하상현","담당자_연락처":"010-6350-5733","전담사회복지사_남":2,"전담사회복지사_여":2,"생활지원사_남":0,"생활지원사_여":61,"일반중점_남_일반":79,"일반중점_남_중점":11,"일반중점_여_일반":653,"일반중점_여_중점":44,"특화_남":0,"특화_여":0,"신규대상자_남":2,"신규대상자_여":4,"종결자_남_사망":1,"종결자_남_서비스거부":2,"종결자_남_기타":2,"종결자_여_사망":0,"종결자_여_서비스거부":3,"종결자_여_기타":8,"거점수행기관여부":false,"단기_전담인력_사회복지사_남":0,"단기_전담인력_사회복지사_여":0,"단기_전담인력_돌봄제공인력_남":0,"단기_전담인력_돌봄제공인력_여":0,"단기_남":0,"단기_여":0,"단기_기본_1개월":0,"단기_연장_2개월":0,"단기_기타":0,"단기_당월신규_남":0,"단기_당월신규_여":0,"단기_기간만료_남":0,"단기_기간만료_여":0,"단기_중도포기_남":0,"단기_중도포기_여":0,"배정_전담사회복지사":4,"배정_생활지원사":62,"배정_이용자":962,"변경여부":"변경없음"},{"제출일시":"2026-02-05T05:09:21.724Z","시군":"산청군","기관명":"산청성모노인통합지원센터","기관코드":"A48860004","담당자_이름":"조희수","담당자_연락처":"010-5820-2125","전담사회복지사_남":0,"전담사회복지사_여":2,"생활지원사_남":2,"생활지원사_여":32,"일반중점_남_일반":98,"일반중점_남_중점":0,"일반중점_여_일반":385,"일반중점_여_중점":1,"특화_남":0,"특화_여":0,"신규대상자_남":0,"신규대상자_여":8,"종결자_남_사망":0,"종결자_남_서비스거부":0,"종결자_남_기타":0,"종결자_여_사망":0,"종결자_여_서비스거부":0,"종결자_여_기타":1,"거점수행기관여부":false,"단기_전담인력_사회복지사_남":0,"단기_전담인력_사회복지사_여":0,"단기_전담인력_돌봄제공인력_남":0,"단기_전담인력_돌봄제공인력_여":0,"단기_남":0,"단기_여":0,"단기_기본_1개월":0,"단기_연장_2개월":0,"단기_기타":0,"단기_당월신규_남":0,"단기_당월신규_여":0,"단기_기간만료_남":0,"단기_기간만료_여":0,"단기_중도포기_남":0,"단기_중도포기_여":0,"배정_전담사회복지사":2,"배정_생활지원사":34,"배정_이용자":533,"변경여부":"변경없음"},{"제출일시":"2026-02-05T05:37:23.398Z","시군":"합천군","기관명":"합천노인통합지원센터","기관코드":"A48890004","담당자_이름":"강선영","담당자_연락처":"010-8930-1680","전담사회복지사_남":0,"전담사회복지사_여":4,"생활지원사_남":0,"생활지원사_여":64,"일반중점_남_일반":148,"일반중점_남_중점":9,"일반중점_여_일반":782,"일반중점_여_중점":34,"특화_남":0,"특화_여":0,"신규대상자_남":6,"신규대상자_여":9,"종결자_남_사망":0,"종결자_남_서비스거부":0,"종결자_남_기타":0,"종결자_여_사망":1,"종결자_여_서비스거부":1,"종결자_여_기타":7,"거점수행기관여부":false,"단기_전담인력_사회복지사_남":0,"단기_전담인력_사회복지사_여":0,"단기_전담인력_돌봄제공인력_남":0,"단기_전담인력_돌봄제공인력_여":0,"단기_남":0,"단기_여":0,"단기_기본_1개월":0,"단기_연장_2개월":0,"단기_기타":0,"단기_당월신규_남":0,"단기_당월신규_여":0,"단기_기간만료_남":0,"단기_기간만료_여":0,"단기_중도포기_남":0,"단기_중도포기_여":0,"배정_전담사회복지사":4,"배정_생활지원사":64,"배정_이용자":977,"변경여부":"변경없음"},{"제출일시":"2026-02-05T05:39:51.731Z","시군":"양산시","기관명":"양산행복한돌봄 사회적협동조합","기관코드":"A48330004","담당자_이름":"장난향","담당자_연락처":"070-4403-2314","전담사회복지사_남":0,"전담사회복지사_여":4,"생활지원사_남":0,"생활지원사_여":52,"일반중점_남_일반":73,"일반중점_남_중점":28,"일반중점_여_일반":521,"일반중점_여_중점":67,"특화_남":0,"특화_여":0,"신규대상자_남":1,"신규대상자_여":5,"종결자_남_사망":0,"종결자_남_서비스거부":0,"종결자_남_기타":0,"종결자_여_사망":0,"종결자_여_서비스거부":1,"종결자_여_기타":1,"거점수행기관여부":false,"단기_전담인력_사회복지사_남":0,"단기_전담인력_사회복지사_여":0,"단기_전담인력_돌봄제공인력_남":0,"단기_전담인력_돌봄제공인력_여":0,"단기_남":0,"단기_여":0,"단기_기본_1개월":0,"단기_연장_2개월":0,"단기_기타":0,"단기_당월신규_남":0,"단기_당월신규_여":0,"단기_기간만료_남":0,"단기_기간만료_여":0,"단기_중도포기_남":0,"단기_중도포기_여":0,"배정_전담사회복지사":4,"배정_생활지원사":52,"배정_이용자":835,"변경여부":"변경없음"},{"제출일시":"2026-02-05T06:02:23.582Z","시군":"남해군","기관명":"화방남해노인통합지원센터","기관코드":"A48840001","담당자_이름":"임혜옥","담당자_연락처":"010-8554-5022","전담사회복지사_남":0,"전담사회복지사_여":4,"생활지원사_남":0,"생활지원사_여":68,"일반중점_남_일반":149,"일반중점_남_중점":9,"일반중점_여_일반":765,"일반중점_여_중점":70,"특화_남":0,"특화_여":0,"신규대상자_남":6,"신규대상자_여":16,"종결자_남_사망":0,"종결자_남_서비스거부":0,"종결자_남_기타":2,"종결자_여_사망":0,"종결자_여_서비스거부":2,"종결자_여_기타":10,"거점수행기관여부":true,"단기_전담인력_사회복지사_남":0,"단기_전담인력_사회복지사_여":0,"단기_전담인력_돌봄제공인력_남":0,"단기_전담인력_돌봄제공인력_여":0,"단기_남":0,"단기_여":0,"단기_기본_1개월":0,"단기_연장_2개월":0,"단기_기타":0,"단기_당월신규_남":0,"단기_당월신규_여":0,"단기_기간만료_남":0,"단기_기간만료_여":0,"단기_중도포기_남":0,"단기_중도포기_여":0,"배정_전담사회복지사":6,"배정_생활지원사":68,"배정_이용자":1070,"변경여부":"변경없음"},{"제출일시":"2026-02-05T06:39:25.750Z","시군":"함양군","기관명":"사단법인 대한노인회 함양군지회","기관코드":"A48870002","담당자_이름":"조윤숙","담당자_연락처":"010-5055-8206","전담사회복지사_남":2,"전담사회복지사_여":4,"생활지원사_남":2,"생활지원사_여":82,"일반중점_남_일반":143,"일반중점_남_중점":14,"일반중점_여_일반":1058,"일반중점_여_중점":69,"특화_남":0,"특화_여":0,"신규대상자_남":1,"신규대상자_여":18,"종결자_남_사망":0,"종결자_남_서비스거부":1,"종결자_남_기타":0,"종결자_여_사망":1,"종결자_여_서비스거부":10,"종결자_여_기타":15,"거점수행기관여부":true,"단기_전담인력_사회복지사_남":0,"단기_전담인력_사회복지사_여":0,"단기_전담인력_돌봄제공인력_남":0,"단기_전담인력_돌봄제공인력_여":0,"단기_남":0,"단기_여":0,"단기_기본_1개월":0,"단기_연장_2개월":0,"단기_기타":0,"단기_당월신규_남":0,"단기_당월신규_여":0,"단기_기간만료_남":0,"단기_기간만료_여":0,"단기_중도포기_남":0,"단기_중도포기_여":0,"배정_전담사회복지사":6,"배정_생활지원사":84,"배정_이용자":1440,"변경여부":"변경없음"},{"제출일시":"2026-02-05T06:40:03.619Z","시군":"밀양시","기관명":"우리들노인통합지원센터","기관코드":"A48270003","담당자_이름":"조경래","담당자_연락처":"010-7532-2348","전담사회복지사_남":1,"전담사회복지사_여":4,"생활지원사_남":2,"생활지원사_여":48,"일반중점_남_일반":93,"일반중점_남_중점":3,"일반중점_여_일반":612,"일반중점_여_중점":46,"특화_남":2,"특화_여":16,"신규대상자_남":1,"신규대상자_여":8,"종결자_남_사망":1,"종결자_남_서비스거부":3,"종결자_남_기타":2,"종결자_여_사망":0,"종결자_여_서비스거부":0,"종결자_여_기타":10,"거점수행기관여부":false,"단기_전담인력_사회복지사_남":0,"단기_전담인력_사회복지사_여":0,"단기_전담인력_돌봄제공인력_남":0,"단기_전담인력_돌봄제공인력_여":0,"단기_남":0,"단기_여":0,"단기_기본_1개월":0,"단기_연장_2개월":0,"단기_기타":0,"단기_당월신규_남":0,"단기_당월신규_여":0,"단기_기간만료_남":0,"단기_기간만료_여":0,"단기_중도포기_남":0,"단기_중도포기_여":0,"배정_전담사회복지사":5,"배정_생활지원사":52,"배정_이용자":837,"변경여부":"변경없음"},{"제출일시":"2026-02-05T06:51:05.325Z","시군":"사천시","기관명":"남양양로원","기관코드":"A48240003","담당자_이름":"정서정","담당자_연락처":"010-3233-6636","전담사회복지사_남":0,"전담사회복지사_여":3,"생활지원사_남":0,"생활지원사_여":43,"일반중점_남_일반":88,"일반중점_남_중점":0,"일반중점_여_일반":478,"일반중점_여_중점":3,"특화_남":0,"특화_여":0,"신규대상자_남":5,"신규대상자_여":16,"종결자_남_사망":1,"종결자_남_서비스거부":1,"종결자_남_기타":1,"종결자_여_사망":1,"종결자_여_서비스거부":0,"종결자_여_기타":0,"거점수행기관여부":true,"단기_전담인력_사회복지사_남":0,"단기_전담인력_사회복지사_여":1,"단기_전담인력_돌봄제공인력_남":0,"단기_전담인력_돌봄제공인력_여":0,"단기_남":0,"단기_여":0,"단기_기본_1개월":0,"단기_연장_2개월":0,"단기_기타":0,"단기_당월신규_남":0,"단기_당월신규_여":0,"단기_기간만료_남":0,"단기_기간만료_여":0,"단기_중도포기_남":0,"단기_중도포기_여":0,"배정_전담사회복지사":4,"배정_생활지원사":43,"배정_이용자":713,"변경여부":"변경없음"},{"제출일시":"2026-02-05T06:52:34.777Z","시군":"거창군","기관명":"해월노인복지센터","기관코드":"A48880004","담당자_이름":"오주현","담당자_연락처":"010-4933-9037","전담사회복지사_남":2,"전담사회복지사_여":1,"생활지원사_남":0,"생활지원사_여":35,"일반중점_남_일반":61,"일반중점_남_중점":3,"일반중점_여_일반":400,"일반중점_여_중점":8,"특화_남":0,"특화_여":0,"신규대상자_남":0,"신규대상자_여":5,"종결자_남_사망":0,"종결자_남_서비스거부":0,"종결자_남_기타":1,"종결자_여_사망":0,"종결자_여_서비스거부":4,"종결자_여_기타":5,"거점수행기관여부":false,"단기_전담인력_사회복지사_남":0,"단기_전담인력_사회복지사_여":0,"단기_전담인력_돌봄제공인력_남":0,"단기_전담인력_돌봄제공인력_여":0,"단기_남":0,"단기_여":0,"단기_기본_1개월":0,"단기_연장_2개월":0,"단기_기타":0,"단기_당월신규_남":0,"단기_당월신규_여":0,"단기_기간만료_남":0,"단기_기간만료_여":0,"단기_중도포기_남":0,"단기_중도포기_여":0,"배정_전담사회복지사":3,"배정_생활지원사":44,"배정_이용자":660,"변경여부":"변경없음"},{"제출일시":"2026-02-05T07:00:27.185Z","시군":"함안군","기관명":"함안군재가노인통합지원센터","기관코드":"A48730002","담당자_이름":"김미연","담당자_연락처":"010-8532-3191","전담사회복지사_남":0,"전담사회복지사_여":4,"생활지원사_남":1,"생활지원사_여":61,"일반중점_남_일반":180,"일반중점_남_중점":3,"일반중점_여_일반":873,"일반중점_여_중점":34,"특화_남":0,"특화_여":0,"신규대상자_남":4,"신규대상자_여":9,"종결자_남_사망":0,"종결자_남_서비스거부":2,"종결자_남_기타":1,"종결자_여_사망":2,"종결자_여_서비스거부":0,"종결자_여_기타":10,"거점수행기관여부":true,"단기_전담인력_사회복지사_남":0,"단기_전담인력_사회복지사_여":0,"단기_전담인력_돌봄제공인력_남":0,"단기_전담인력_돌봄제공인력_여":0,"단기_남":0,"단기_여":0,"단기_기본_1개월":0,"단기_연장_2개월":0,"단기_기타":0,"단기_당월신규_남":0,"단기_당월신규_여":0,"단기_기간만료_남":0,"단기_기간만료_여":0,"단기_중도포기_남":0,"단기_중도포기_여":0,"배정_전담사회복지사":5,"배정_생활지원사":62,"배정_이용자":910,"변경여부":"변경없음"},{"제출일시":"2026-02-05T07:01:41.263Z","시군":"거창군","기관명":"거창인애노인통합지원센터","기관코드":"A48880003","담당자_이름":"신용수","담당자_연락처":"010-9396-5823","전담사회복지사_남":1,"전담사회복지사_여":2,"생활지원사_남":0,"생활지원사_여":43,"일반중점_남_일반":50,"일반중점_남_중점":5,"일반중점_여_일반":585,"일반중점_여_중점":21,"특화_남":0,"특화_여":0,"신규대상자_남":0,"신규대상자_여":0,"종결자_남_사망":0,"종결자_남_서비스거부":0,"종결자_남_기타":0,"종결자_여_사망":0,"종결자_여_서비스거부":3,"종결자_여_기타":3,"거점수행기관여부":false,"단기_전담인력_사회복지사_남":0,"단기_전담인력_사회복지사_여":0,"단기_전담인력_돌봄제공인력_남":0,"단기_전담인력_돌봄제공인력_여":0,"단기_남":0,"단기_여":0,"단기_기본_1개월":0,"단기_연장_2개월":0,"단기_기타":0,"단기_당월신규_남":0,"단기_당월신규_여":0,"단기_기간만료_남":0,"단기_기간만료_여":0,"단기_중도포기_남":0,"단기_중도포기_여":0,"배정_전담사회복지사":3,"배정_생활지원사":46,"배정_이용자":706,"변경여부":"변경없음"},{"제출일시":"2026-02-05T07:04:00.190Z","시군":"창원시","기관명":"창원도우누리노인통합재가센터","기관코드":"A48120002","담당자_이름":"김성은","담당자_연락처":"070-4151-2610","전담사회복지사_남":2,"전담사회복지사_여":3,"생활지원사_남":0,"생활지원사_여":53,"일반중점_남_일반":146,"일반중점_남_중점":15,"일반중점_여_일반":586,"일반중점_여_중점":36,"특화_남":0,"특화_여":12,"신규대상자_남":4,"신규대상자_여":7,"종결자_남_사망":0,"종결자_남_서비스거부":2,"종결자_남_기타":2,"종결자_여_사망":1,"종결자_여_서비스거부":2,"종결자_여_기타":2,"거점수행기관여부":false,"단기_전담인력_사회복지사_남":0,"단기_전담인력_사회복지사_여":0,"단기_전담인력_돌봄제공인력_남":0,"단기_전담인력_돌봄제공인력_여":0,"단기_남":0,"단기_여":0,"단기_기본_1개월":0,"단기_연장_2개월":0,"단기_기타":0,"단기_당월신규_남":0,"단기_당월신규_여":0,"단기_기간만료_남":0,"단기_기간만료_여":0,"단기_중도포기_남":0,"단기_중도포기_여":0,"배정_전담사회복지사":5,"배정_생활지원사":53,"배정_이용자":837,"변경여부":"변경없음"},{"제출일시":"2026-02-05T07:32:35.849Z","시군":"진주시","기관명":"하늘마음노인통합지원센터","기관코드":"A48170005","담당자_이름":"홍화수","담당자_연락처":"010-4216-8532","전담사회복지사_남":0,"전담사회복지사_여":3,"생활지원사_남":0,"생활지원사_여":48,"일반중점_남_일반":107,"일반중점_남_중점":9,"일반중점_여_일반":578,"일반중점_여_중점":42,"특화_남":0,"특화_여":0,"신규대상자_남":0,"신규대상자_여":6,"종결자_남_사망":0,"종결자_남_서비스거부":1,"종결자_남_기타":1,"종결자_여_사망":1,"종결자_여_서비스거부":2,"종결자_여_기타":3,"거점수행기관여부":false,"단기_전담인력_사회복지사_남":0,"단기_전담인력_사회복지사_여":0,"단기_전담인력_돌봄제공인력_남":0,"단기_전담인력_돌봄제공인력_여":0,"단기_남":0,"단기_여":0,"단기_기본_1개월":0,"단기_연장_2개월":0,"단기_기타":0,"단기_당월신규_남":0,"단기_당월신규_여":0,"단기_기간만료_남":0,"단기_기간만료_여":0,"단기_중도포기_남":0,"단기_중도포기_여":0,"배정_전담사회복지사":3,"배정_생활지원사":48,"배정_이용자":736,"변경여부":"변경없음"},{"제출일시":"2026-02-05T07:33:22.383Z","시군":"거제시","기관명":"하청교회 행복늘푸른대학","기관코드":"A48310003","담당자_이름":"김송희","담당자_연락처":"010-7703-0665","전담사회복지사_남":0,"전담사회복지사_여":2,"생활지원사_남":0,"생활지원사_여":30,"일반중점_남_일반":59,"일반중점_남_중점":2,"일반중점_여_일반":327,"일반중점_여_중점":28,"특화_남":0,"특화_여":2,"신규대상자_남":5,"신규대상자_여":31,"종결자_남_사망":0,"종결자_남_서비스거부":0,"종결자_남_기타":3,"종결자_여_사망":1,"종결자_여_서비스거부":4,"종결자_여_기타":5,"거점수행기관여부":false,"단기_전담인력_사회복지사_남":0,"단기_전담인력_사회복지사_여":0,"단기_전담인력_돌봄제공인력_남":0,"단기_전담인력_돌봄제공인력_여":0,"단기_남":0,"단기_여":0,"단기_기본_1개월":0,"단기_연장_2개월":0,"단기_기타":0,"단기_당월신규_남":0,"단기_당월신규_여":0,"단기_기간만료_남":0,"단기_기간만료_여":0,"단기_중도포기_남":0,"단기_중도포기_여":0,"배정_전담사회복지사":2,"배정_생활지원사":30,"배정_이용자":465,"변경여부":"변경없음"},{"제출일시":"2026-02-05T07:36:10.401Z","시군":"사천시","기관명":"사천노인통합지원센터","기관코드":"A48240002","담당자_이름":"김옥례","담당자_연락처":"010-9344-9502","전담사회복지사_남":0,"전담사회복지사_여":3,"생활지원사_남":1,"생활지원사_여":45,"일반중점_남_일반":136,"일반중점_남_중점":5,"일반중점_여_일반":461,"일반중점_여_중점":16,"특화_남":0,"특화_여":0,"신규대상자_남":2,"신규대상자_여":6,"종결자_남_사망":0,"종결자_남_서비스거부":2,"종결자_남_기타":0,"종결자_여_사망":0,"종결자_여_서비스거부":4,"종결자_여_기타":2,"거점수행기관여부":false,"단기_전담인력_사회복지사_남":0,"단기_전담인력_사회복지사_여":0,"단기_전담인력_돌봄제공인력_남":0,"단기_전담인력_돌봄제공인력_여":0,"단기_남":0,"단기_여":0,"단기_기본_1개월":0,"단기_연장_2개월":0,"단기_기타":0,"단기_당월신규_남":0,"단기_당월신규_여":0,"단기_기간만료_남":0,"단기_기간만료_여":0,"단기_중도포기_남":0,"단기_중도포기_여":0,"배정_전담사회복지사":3,"배정_생활지원사":46,"배정_이용자":708,"변경여부":"변경없음"},{"제출일시":"2026-02-05T07:40:25.414Z","시군":"창녕군","기관명":"창녕지역자활센터","기관코드":"A48740001","담당자_이름":"백지원","담당자_연락처":"055-5320-612","전담사회복지사_남":1,"전담사회복지사_여":4,"생활지원사_남":0,"생활지원사_여":76,"일반중점_남_일반":149,"일반중점_남_중점":9,"일반중점_여_일반":938,"일반중점_여_중점":72,"특화_남":0,"특화_여":0,"신규대상자_남":4,"신규대상자_여":10,"종결자_남_사망":0,"종결자_남_서비스거부":1,"종결자_남_기타":3,"종결자_여_사망":0,"종결자_여_서비스거부":0,"종결자_여_기타":10,"거점수행기관여부":false,"단기_전담인력_사회복지사_남":0,"단기_전담인력_사회복지사_여":0,"단기_전담인력_돌봄제공인력_남":0,"단기_전담인력_돌봄제공인력_여":0,"단기_남":0,"단기_여":0,"단기_기본_1개월":0,"단기_연장_2개월":0,"단기_기타":0,"단기_당월신규_남":0,"단기_당월신규_여":0,"단기_기간만료_남":0,"단기_기간만료_여":0,"단기_중도포기_남":0,"단기_중도포기_여":0,"배정_전담사회복지사":6,"배정_생활지원사":83,"배정_이용자":1299,"변경여부":"변경없음"},{"제출일시":"2026-02-05T07:43:59.453Z","시군":"거제시","기관명":"거제사랑노인복지센터","기관코드":"A48310002","담당자_이름":"서현수","담당자_연락처":"010-4855-8200","전담사회복지사_남":1,"전담사회복지사_여":1,"생활지원사_남":1,"생활지원사_여":30,"일반중점_남_일반":70,"일반중점_남_중점":4,"일반중점_여_일반":347,"일반중점_여_중점":7,"특화_남":0,"특화_여":0,"신규대상자_남":5,"신규대상자_여":18,"종결자_남_사망":0,"종결자_남_서비스거부":0,"종결자_남_기타":0,"종결자_여_사망":1,"종결자_여_서비스거부":4,"종결자_여_기타":5,"거점수행기관여부":true,"단기_전담인력_사회복지사_남":0,"단기_전담인력_사회복지사_여":0,"단기_전담인력_돌봄제공인력_남":0,"단기_전담인력_돌봄제공인력_여":0,"단기_남":0,"단기_여":0,"단기_기본_1개월":0,"단기_연장_2개월":0,"단기_기타":0,"단기_당월신규_남":0,"단기_당월신규_여":0,"단기_기간만료_남":0,"단기_기간만료_여":0,"단기_중도포기_남":0,"단기_중도포기_여":0,"배정_전담사회복지사":3,"배정_생활지원사":33,"배정_이용자":525,"변경여부":"변경없음"},{"제출일시":"2026-02-05T07:46:18.986Z","시군":"산청군","기관명":"산청복음노인통합지원센터","기관코드":"A48860002","담당자_이름":"감종석","담당자_연락처":"010-2924-8942","전담사회복지사_남":1,"전담사회복지사_여":1,"생활지원사_남":6,"생활지원사_여":27,"일반중점_남_일반":92,"일반중점_남_중점":2,"일반중점_여_일반":396,"일반중점_여_중점":5,"특화_남":0,"특화_여":0,"신규대상자_남":1,"신규대상자_여":10,"종결자_남_사망":0,"종결자_남_서비스거부":0,"종결자_남_기타":3,"종결자_여_사망":1,"종결자_여_서비스거부":0,"종결자_여_기타":3,"거점수행기관여부":false,"단기_전담인력_사회복지사_남":0,"단기_전담인력_사회복지사_여":0,"단기_전담인력_돌봄제공인력_남":0,"단기_전담인력_돌봄제공인력_여":0,"단기_남":0,"단기_여":0,"단기_기본_1개월":0,"단기_연장_2개월":0,"단기_기타":0,"단기_당월신규_남":0,"단기_당월신규_여":0,"단기_기간만료_남":0,"단기_기간만료_여":0,"단기_중도포기_남":0,"단기_중도포기_여":0,"배정_전담사회복지사":2,"배정_생활지원사":33,"배정_이용자":495,"변경여부":"변경없음"},{"제출일시":"2026-02-05T07:47:20.409Z","시군":"합천군","기관명":"미타재가복지센터","기관코드":"A48890003","담당자_이름":"문창선","담당자_연락처":"010-6861-5060","전담사회복지사_남":1,"전담사회복지사_여":2,"생활지원사_남":0,"생활지원사_여":48,"일반중점_남_일반":79,"일반중점_남_중점":1,"일반중점_여_일반":636,"일반중점_여_중점":9,"특화_남":0,"특화_여":0,"신규대상자_남":2,"신규대상자_여":9,"종결자_남_사망":2,"종결자_남_서비스거부":2,"종결자_남_기타":3,"종결자_여_사망":1,"종결자_여_서비스거부":8,"종결자_여_기타":5,"거점수행기관여부":false,"단기_전담인력_사회복지사_남":0,"단기_전담인력_사회복지사_여":0,"단기_전담인력_돌봄제공인력_남":0,"단기_전담인력_돌봄제공인력_여":0,"단기_남":0,"단기_여":0,"단기_기본_1개월":0,"단기_연장_2개월":0,"단기_기타":0,"단기_당월신규_남":0,"단기_당월신규_여":0,"단기_기간만료_남":0,"단기_기간만료_여":0,"단기_중도포기_남":0,"단기_중도포기_여":0,"배정_전담사회복지사":3,"배정_생활지원사":48,"배정_이용자":725,"변경여부":"변경없음"},{"제출일시":"2026-02-05T07:57:50.779Z","시군":"진주시","기관명":"진양노인통합지원센터","기관코드":"A48170001","담당자_이름":"한정의","담당자_연락처":"010-8511-9922","전담사회복지사_남":0,"전담사회복지사_여":3,"생활지원사_남":0,"생활지원사_여":48,"일반중점_남_일반":93,"일반중점_남_중점":4,"일반중점_여_일반":600,"일반중점_여_중점":34,"특화_남":0,"특화_여":0,"신규대상자_남":3,"신규대상자_여":11,"종결자_남_사망":0,"종결자_남_서비스거부":0,"종결자_남_기타":0,"종결자_여_사망":0,"종결자_여_서비스거부":6,"종결자_여_기타":2,"거점수행기관여부":false,"단기_전담인력_사회복지사_남":0,"단기_전담인력_사회복지사_여":0,"단기_전담인력_돌봄제공인력_남":0,"단기_전담인력_돌봄제공인력_여":0,"단기_남":0,"단기_여":0,"단기_기본_1개월":0,"단기_연장_2개월":0,"단기_기타":0,"단기_당월신규_남":0,"단기_당월신규_여":0,"단기_기간만료_남":0,"단기_기간만료_여":0,"단기_중도포기_남":0,"단기_중도포기_여":0,"배정_전담사회복지사":3,"배정_생활지원사":48,"배정_이용자":731,"변경여부":"변경없음"},{"제출일시":"2026-02-05T08:01:58.231Z","시군":"산청군","기관명":"산청한일노인통합지원센터","기관코드":"A48860001","담당자_이름":"김경아","담당자_연락처":"010-4587-5790","전담사회복지사_남":0,"전담사회복지사_여":2,"생활지원사_남":1,"생활지원사_여":34,"일반중점_남_일반":62,"일반중점_남_중점":0,"일반중점_여_일반":434,"일반중점_여_중점":9,"특화_남":0,"특화_여":0,"신규대상자_남":0,"신규대상자_여":12,"종결자_남_사망":0,"종결자_남_서비스거부":0,"종결자_남_기타":0,"종결자_여_사망":0,"종결자_여_서비스거부":0,"종결자_여_기타":7,"거점수행기관여부":false,"단기_전담인력_사회복지사_남":0,"단기_전담인력_사회복지사_여":0,"단기_전담인력_돌봄제공인력_남":0,"단기_전담인력_돌봄제공인력_여":0,"단기_남":0,"단기_여":0,"단기_기본_1개월":0,"단기_연장_2개월":0,"단기_기타":0,"단기_당월신규_남":0,"단기_당월신규_여":0,"단기_기간만료_남":0,"단기_기간만료_여":0,"단기_중도포기_남":0,"단기_중도포기_여":0,"배정_전담사회복지사":2,"배정_생활지원사":35,"배정_이용자":534,"변경여부":"변경없음"},{"제출일시":"2026-02-05T08:11:13.456Z","시군":"양산시","기관명":"사회복지법인신생원양산재가노인복지센터","기관코드":"A48330001","담당자_이름":"박미은","담당자_연락처":"010-2755-1727","전담사회복지사_남":0,"전담사회복지사_여":4,"생활지원사_남":0,"생활지원사_여":44,"일반중점_남_일반":84,"일반중점_남_중점":5,"일반중점_여_일반":514,"일반중점_여_중점":23,"특화_남":0,"특화_여":0,"신규대상자_남":0,"신규대상자_여":15,"종결자_남_사망":1,"종결자_남_서비스거부":0,"종결자_남_기타":3,"종결자_여_사망":0,"종결자_여_서비스거부":0,"종결자_여_기타":8,"거점수행기관여부":true,"단기_전담인력_사회복지사_남":0,"단기_전담인력_사회복지사_여":2,"단기_전담인력_돌봄제공인력_남":0,"단기_전담인력_돌봄제공인력_여":0,"단기_남":0,"단기_여":0,"단기_기본_1개월":0,"단기_연장_2개월":0,"단기_기타":0,"단기_당월신규_남":0,"단기_당월신규_여":0,"단기_기간만료_남":0,"단기_기간만료_여":0,"단기_중도포기_남":0,"단기_중도포기_여":0,"배정_전담사회복지사":6,"배정_생활지원사":69,"배정_이용자":1093,"변경여부":"변경없음"},{"제출일시":"2026-02-05T08:19:09.228Z","시군":"김해시","기관명":"김해돌봄지원센터","기관코드":"A48250007","담당자_이름":"김한나","담당자_연락처":"055-7240-515","전담사회복지사_남":0,"전담사회복지사_여":3,"생활지원사_남":0,"생활지원사_여":24,"일반중점_남_일반":59,"일반중점_남_중점":7,"일반중점_여_일반":251,"일반중점_여_중점":13,"특화_남":0,"특화_여":0,"신규대상자_남":0,"신규대상자_여":3,"종결자_남_사망":0,"종결자_남_서비스거부":0,"종결자_남_기타":1,"종결자_여_사망":0,"종결자_여_서비스거부":2,"종결자_여_기타":3,"거점수행기관여부":false,"단기_전담인력_사회복지사_남":0,"단기_전담인력_사회복지사_여":0,"단기_전담인력_돌봄제공인력_남":0,"단기_전담인력_돌봄제공인력_여":0,"단기_남":0,"단기_여":0,"단기_기본_1개월":0,"단기_연장_2개월":0,"단기_기타":0,"단기_당월신규_남":0,"단기_당월신규_여":0,"단기_기간만료_남":0,"단기_기간만료_여":0,"단기_중도포기_남":0,"단기_중도포기_여":0,"배정_전담사회복지사":3,"배정_생활지원사":29,"배정_이용자":435,"변경여부":"변경없음"},{"제출일시":"2026-02-05T08:20:02.001Z","시군":"김해시","기관명":"보현행원노인통합지원센터","기관코드":"A48250006","담당자_이름":"최금주","담당자_연락처":"010-9974-2465","전담사회복지사_남":1,"전담사회복지사_여":2,"생활지원사_남":1,"생활지원사_여":30,"일반중점_남_일반":88,"일반중점_남_중점":8,"일반중점_여_일반":347,"일반중점_여_중점":14,"특화_남":0,"특화_여":0,"신규대상자_남":4,"신규대상자_여":21,"종결자_남_사망":0,"종결자_남_서비스거부":3,"종결자_남_기타":0,"종결자_여_사망":0,"종결자_여_서비스거부":5,"종결자_여_기타":2,"거점수행기관여부":false,"단기_전담인력_사회복지사_남":0,"단기_전담인력_사회복지사_여":0,"단기_전담인력_돌봄제공인력_남":0,"단기_전담인력_돌봄제공인력_여":0,"단기_남":0,"단기_여":0,"단기_기본_1개월":0,"단기_연장_2개월":0,"단기_기타":0,"단기_당월신규_남":0,"단기_당월신규_여":0,"단기_기간만료_남":0,"단기_기간만료_여":0,"단기_중도포기_남":0,"단기_중도포기_여":0,"배정_전담사회복지사":3,"배정_생활지원사":35,"배정_이용자":535,"변경여부":"변경없음"},{"제출일시":"2026-02-05T08:27:37.128Z","시군":"거창군","기관명":"거창노인통합지원센터","기관코드":"A48880002","담당자_이름":"김연순","담당자_연락처":"070-4906-1689","전담사회복지사_남":0,"전담사회복지사_여":2,"생활지원사_남":0,"생활지원사_여":42,"일반중점_남_일반":32,"일반중점_남_중점":4,"일반중점_여_일반":590,"일반중점_여_중점":7,"특화_남":0,"특화_여":0,"신규대상자_남":0,"신규대상자_여":4,"종결자_남_사망":0,"종결자_남_서비스거부":0,"종결자_남_기타":0,"종결자_여_사망":0,"종결자_여_서비스거부":0,"종결자_여_기타":7,"거점수행기관여부":true,"단기_전담인력_사회복지사_남":0,"단기_전담인력_사회복지사_여":0,"단기_전담인력_돌봄제공인력_남":0,"단기_전담인력_돌봄제공인력_여":0,"단기_남":0,"단기_여":0,"단기_기본_1개월":0,"단기_연장_2개월":0,"단기_기타":0,"단기_당월신규_남":0,"단기_당월신규_여":0,"단기_기간만료_남":0,"단기_기간만료_여":0,"단기_중도포기_남":0,"단기_중도포기_여":0,"배정_전담사회복지사":3,"배정_생활지원사":46,"배정_이용자":706,"변경여부":"변경없음"},{"제출일시":"2026-02-05T08:28:59.613Z","시군":"양산시","기관명":"성요셉소규모노인종합센터","기관코드":"A48330005","담당자_이름":"최보미","담당자_연락처":"010-4624-7153","전담사회복지사_남":0,"전담사회복지사_여":4,"생활지원사_남":0,"생활지원사_여":40,"일반중점_남_일반":96,"일반중점_남_중점":9,"일반중점_여_일반":461,"일반중점_여_중점":25,"특화_남":0,"특화_여":0,"신규대상자_남":0,"신규대상자_여":3,"종결자_남_사망":0,"종결자_남_서비스거부":1,"종결자_남_기타":0,"종결자_여_사망":0,"종결자_여_서비스거부":0,"종결자_여_기타":1,"거점수행기관여부":false,"단기_전담인력_사회복지사_남":0,"단기_전담인력_사회복지사_여":0,"단기_전담인력_돌봄제공인력_남":0,"단기_전담인력_돌봄제공인력_여":0,"단기_남":0,"단기_여":0,"단기_기본_1개월":0,"단기_연장_2개월":0,"단기_기타":0,"단기_당월신규_남":0,"단기_당월신규_여":0,"단기_기간만료_남":0,"단기_기간만료_여":0,"단기_중도포기_남":0,"단기_중도포기_여":0,"배정_전담사회복지사":4,"배정_생활지원사":54,"배정_이용자":834,"변경여부":"변경없음"},{"제출일시":"2026-02-05T08:31:21.319Z","시군":"함안군","기관명":"(사)대한노인회함안군지회","기관코드":"A48730001","담당자_이름":"김희정","담당자_연락처":"010-6668-3971","전담사회복지사_남":0,"전담사회복지사_여":4,"생활지원사_남":0,"생활지원사_여":62,"일반중점_남_일반":164,"일반중점_남_중점":8,"일반중점_여_일반":684,"일반중점_여_중점":103,"특화_남":0,"특화_여":0,"신규대상자_남":7,"신규대상자_여":11,"종결자_남_사망":1,"종결자_남_서비스거부":2,"종결자_남_기타":0,"종결자_여_사망":0,"종결자_여_서비스거부":7,"종결자_여_기타":7,"거점수행기관여부":false,"단기_전담인력_사회복지사_남":0,"단기_전담인력_사회복지사_여":0,"단기_전담인력_돌봄제공인력_남":0,"단기_전담인력_돌봄제공인력_여":0,"단기_남":0,"단기_여":0,"단기_기본_1개월":0,"단기_연장_2개월":0,"단기_기타":0,"단기_당월신규_남":0,"단기_당월신규_여":0,"단기_기간만료_남":0,"단기_기간만료_여":0,"단기_중도포기_남":0,"단기_중도포기_여":0,"배정_전담사회복지사":4,"배정_생활지원사":62,"배정_이용자":959,"변경여부":"변경없음"},{"제출일시":"2026-02-05T08:41:03.354Z","시군":"산청군","기관명":"산청해민노인통합지원센터","기관코드":"A48860003","담당자_이름":"손은자","담당자_연락처":"010-2557-8214","전담사회복지사_남":0,"전담사회복지사_여":2,"생활지원사_남":0,"생활지원사_여":34,"일반중점_남_일반":73,"일반중점_남_중점":0,"일반중점_여_일반":417,"일반중점_여_중점":7,"특화_남":0,"특화_여":0,"신규대상자_남":1,"신규대상자_여":4,"종결자_남_사망":0,"종결자_남_서비스거부":0,"종결자_남_기타":1,"종결자_여_사망":1,"종결자_여_서비스거부":0,"종결자_여_기타":1,"거점수행기관여부":true,"단기_전담인력_사회복지사_남":0,"단기_전담인력_사회복지사_여":0,"단기_전담인력_돌봄제공인력_남":0,"단기_전담인력_돌봄제공인력_여":0,"단기_남":0,"단기_여":0,"단기_기본_1개월":0,"단기_연장_2개월":0,"단기_기타":0,"단기_당월신규_남":0,"단기_당월신규_여":0,"단기_기간만료_남":0,"단기_기간만료_여":0,"단기_중도포기_남":0,"단기_중도포기_여":0,"배정_전담사회복지사":3,"배정_생활지원사":36,"배정_이용자":572,"변경여부":"변경없음"},{"제출일시":"2026-02-05T08:45:46.488Z","시군":"사천시","기관명":"사천건양주야간보호센터","기관코드":"A48240004","담당자_이름":"황진옥","담당자_연락처":"010-5548-3964","전담사회복지사_남":0,"전담사회복지사_여":3,"생활지원사_남":1,"생활지원사_여":42,"일반중점_남_일반":83,"일반중점_남_중점":0,"일반중점_여_일반":552,"일반중점_여_중점":4,"특화_남":0,"특화_여":0,"신규대상자_남":16,"신규대상자_여":57,"종결자_남_사망":0,"종결자_남_서비스거부":2,"종결자_남_기타":2,"종결자_여_사망":1,"종결자_여_서비스거부":0,"종결자_여_기타":5,"거점수행기관여부":false,"단기_전담인력_사회복지사_남":0,"단기_전담인력_사회복지사_여":0,"단기_전담인력_돌봄제공인력_남":0,"단기_전담인력_돌봄제공인력_여":0,"단기_남":0,"단기_여":0,"단기_기본_1개월":0,"단기_연장_2개월":0,"단기_기타":0,"단기_당월신규_남":0,"단기_당월신규_여":0,"단기_기간만료_남":0,"단기_기간만료_여":0,"단기_중도포기_남":0,"단기_중도포기_여":0,"배정_전담사회복지사":3,"배정_생활지원사":43,"배정_이용자":639,"변경여부":"변경없음"},{"제출일시":"2026-02-05T08:56:52.627Z","시군":"고성군","기관명":"대한노인회 고성군지회(노인맞춤돌봄서비스)","기관코드":"A48820003","담당자_이름":"이현정","담당자_연락처":"010-7473-3340","전담사회복지사_남":0,"전담사회복지사_여":5,"생활지원사_남":2,"생활지원사_여":78,"일반중점_남_일반":226,"일반중점_남_중점":4,"일반중점_여_일반":877,"일반중점_여_중점":45,"특화_남":0,"특화_여":0,"신규대상자_남":4,"신규대상자_여":15,"종결자_남_사망":0,"종결자_남_서비스거부":1,"종결자_남_기타":1,"종결자_여_사망":0,"종결자_여_서비스거부":17,"종결자_여_기타":6,"거점수행기관여부":true,"단기_전담인력_사회복지사_남":0,"단기_전담인력_사회복지사_여":0,"단기_전담인력_돌봄제공인력_남":0,"단기_전담인력_돌봄제공인력_여":0,"단기_남":0,"단기_여":0,"단기_기본_1개월":0,"단기_연장_2개월":0,"단기_기타":0,"단기_당월신규_남":0,"단기_당월신규_여":0,"단기_기간만료_남":0,"단기_기간만료_여":0,"단기_중도포기_남":0,"단기_중도포기_여":0,"배정_전담사회복지사":5,"배정_생활지원사":80,"배정_이용자":1256,"변경여부":"변경없음"},{"제출일시":"2026-02-05T09:08:35.216Z","시군":"통영시","기관명":"통영노인통합지원센터","기관코드":"A48220003","담당자_이름":"주해진","담당자_연락처":"010-2232-6715","전담사회복지사_남":1,"전담사회복지사_여":5,"생활지원사_남":0,"생활지원사_여":71,"일반중점_남_일반":189,"일반중점_남_중점":5,"일반중점_여_일반":772,"일반중점_여_중점":70,"특화_남":0,"특화_여":0,"신규대상자_남":5,"신규대상자_여":11,"종결자_남_사망":2,"종결자_남_서비스거부":2,"종결자_남_기타":3,"종결자_여_사망":0,"종결자_여_서비스거부":5,"종결자_여_기타":4,"거점수행기관여부":true,"단기_전담인력_사회복지사_남":0,"단기_전담인력_사회복지사_여":1,"단기_전담인력_돌봄제공인력_남":0,"단기_전담인력_돌봄제공인력_여":0,"단기_남":0,"단기_여":0,"단기_기본_1개월":0,"단기_연장_2개월":0,"단기_기타":0,"단기_당월신규_남":0,"단기_당월신규_여":0,"단기_기간만료_남":0,"단기_기간만료_여":0,"단기_중도포기_남":0,"단기_중도포기_여":0,"배정_전담사회복지사":6,"배정_생활지원사":77,"배정_이용자":1228,"변경여부":"변경없음"},{"제출일시":"2026-02-06T00:23:39.857Z","시군":"의령군","기관명":"의령노인통합지원센터","기관코드":"A48720001","담당자_이름":"윤지은","담당자_연락처":"010-8729-2137","전담사회복지사_남":1,"전담사회복지사_여":4,"생활지원사_남":1,"생활지원사_여":67,"일반중점_남_일반":75,"일반중점_남_중점":3,"일반중점_여_일반":883,"일반중점_여_중점":80,"특화_남":0,"특화_여":0,"신규대상자_남":6,"신규대상자_여":43,"종결자_남_사망":0,"종결자_남_서비스거부":1,"종결자_남_기타":1,"종결자_여_사망":0,"종결자_여_서비스거부":5,"종결자_여_기타":10,"거점수행기관여부":true,"단기_전담인력_사회복지사_남":1,"단기_전담인력_사회복지사_여":4,"단기_전담인력_돌봄제공인력_남":0,"단기_전담인력_돌봄제공인력_여":0,"단기_남":0,"단기_여":0,"단기_기본_1개월":0,"단기_연장_2개월":0,"단기_기타":0,"단기_당월신규_남":0,"단기_당월신규_여":0,"단기_기간만료_남":0,"단기_기간만료_여":0,"단기_중도포기_남":0,"단기_중도포기_여":0,"배정_전담사회복지사":5,"배정_생활지원사":69,"배정_이용자":1089,"변경여부":"변경없음"},{"제출일시":"2026-02-06T00:33:13.670Z","시군":"밀양시","기관명":"밀양시자원봉사단체협의회","기관코드":"A48270001","담당자_이름":"김수남","담당자_연락처":"055-3520-094","전담사회복지사_남":0,"전담사회복지사_여":4,"생활지원사_남":0,"생활지원사_여":61,"일반중점_남_일반":101,"일반중점_남_중점":1,"일반중점_여_일반":770,"일반중점_여_중점":52,"특화_남":1,"특화_여":8,"신규대상자_남":2,"신규대상자_여":25,"종결자_남_사망":0,"종결자_남_서비스거부":0,"종결자_남_기타":1,"종결자_여_사망":0,"종결자_여_서비스거부":0,"종결자_여_기타":6,"거점수행기관여부":false,"단기_전담인력_사회복지사_남":0,"단기_전담인력_사회복지사_여":0,"단기_전담인력_돌봄제공인력_남":0,"단기_전담인력_돌봄제공인력_여":0,"단기_남":0,"단기_여":0,"단기_기본_1개월":0,"단기_연장_2개월":0,"단기_기타":0,"단기_당월신규_남":0,"단기_당월신규_여":0,"단기_기간만료_남":0,"단기_기간만료_여":0,"단기_중도포기_남":0,"단기_중도포기_여":0,"배정_전담사회복지사":4,"배정_생활지원사":61,"배정_이용자":915,"변경여부":"변경없음"},{"제출일시":"2026-02-06T00:51:06.938Z","시군":"창원시","기관명":"동진노인통합지원센터","기관코드":"A48120001","담당자_이름":"강성령","담당자_연락처":"010-5731-7430","전담사회복지사_남":0,"전담사회복지사_여":3,"생활지원사_남":0,"생활지원사_여":34,"일반중점_남_일반":61,"일반중점_남_중점":3,"일반중점_여_일반":433,"일반중점_여_중점":13,"특화_남":0,"특화_여":0,"신규대상자_남":1,"신규대상자_여":15,"종결자_남_사망":0,"종결자_남_서비스거부":0,"종결자_남_기타":2,"종결자_여_사망":0,"종결자_여_서비스거부":4,"종결자_여_기타":11,"거점수행기관여부":false,"단기_전담인력_사회복지사_남":0,"단기_전담인력_사회복지사_여":0,"단기_전담인력_돌봄제공인력_남":0,"단기_전담인력_돌봄제공인력_여":0,"단기_남":0,"단기_여":0,"단기_기본_1개월":0,"단기_연장_2개월":0,"단기_기타":0,"단기_당월신규_남":0,"단기_당월신규_여":0,"단기_기간만료_남":0,"단기_기간만료_여":0,"단기_중도포기_남":0,"단기_중도포기_여":0,"배정_전담사회복지사":3,"배정_생활지원사":35,"배정_이용자":537,"변경여부":"변경없음"},{"제출일시":"2026-02-06T01:05:07.086Z","시군":"합천군","기관명":"사회적협동조합 합천종합복지공동체","기관코드":"A48890006","담당자_이름":"차선희","담당자_연락처":"010-5730-0920","전담사회복지사_남":1,"전담사회복지사_여":5,"생활지원사_남":1,"생활지원사_여":84,"일반중점_남_일반":254,"일반중점_남_중점":1,"일반중점_여_일반":1056,"일반중점_여_중점":3,"특화_남":0,"특화_여":0,"신규대상자_남":7,"신규대상자_여":11,"종결자_남_사망":0,"종결자_남_서비스거부":2,"종결자_남_기타":4,"종결자_여_사망":2,"종결자_여_서비스거부":4,"종결자_여_기타":6,"거점수행기관여부":true,"단기_전담인력_사회복지사_남":0,"단기_전담인력_사회복지사_여":0,"단기_전담인력_돌봄제공인력_남":0,"단기_전담인력_돌봄제공인력_여":0,"단기_남":0,"단기_여":0,"단기_기본_1개월":0,"단기_연장_2개월":0,"단기_기타":0,"단기_당월신규_남":0,"단기_당월신규_여":0,"단기_기간만료_남":0,"단기_기간만료_여":0,"단기_중도포기_남":0,"단기_중도포기_여":0,"배정_전담사회복지사":6,"배정_생활지원사":85,"배정_이용자":1275,"변경여부":"변경없음"},{"제출일시":"2026-02-06T01:48:02.727Z","시군":"진주시","기관명":"나누리노인통합지원센터","기관코드":"A48170003","담당자_이름":"정인향","담당자_연락처":"010-8507-5827","전담사회복지사_남":0,"전담사회복지사_여":4,"생활지원사_남":0,"생활지원사_여":62,"일반중점_남_일반":111,"일반중점_남_중점":3,"일반중점_여_일반":770,"일반중점_여_중점":46,"특화_남":0,"특화_여":0,"신규대상자_남":1,"신규대상자_여":13,"종결자_남_사망":0,"종결자_남_서비스거부":0,"종결자_남_기타":0,"종결자_여_사망":1,"종결자_여_서비스거부":5,"종결자_여_기타":8,"거점수행기관여부":false,"단기_전담인력_사회복지사_남":0,"단기_전담인력_사회복지사_여":0,"단기_전담인력_돌봄제공인력_남":0,"단기_전담인력_돌봄제공인력_여":0,"단기_남":0,"단기_여":0,"단기_기본_1개월":0,"단기_연장_2개월":0,"단기_기타":0,"단기_당월신규_남":0,"단기_당월신규_여":0,"단기_기간만료_남":0,"단기_기간만료_여":0,"단기_중도포기_남":0,"단기_중도포기_여":0,"배정_전담사회복지사":4,"배정_생활지원사":62,"배정_이용자":930,"변경여부":"변경없음"},{"제출일시":"2026-02-06T01:49:22.449Z","시군":"밀양시","기관명":"밀양노인통합지원센터","기관코드":"A48270002","담당자_이름":"정수량","담당자_연락처":"010-7185-6753","전담사회복지사_남":1,"전담사회복지사_여":3,"생활지원사_남":0,"생활지원사_여":63,"일반중점_남_일반":159,"일반중점_남_중점":4,"일반중점_여_일반":651,"일반중점_여_중점":57,"특화_남":0,"특화_여":8,"신규대상자_남":3,"신규대상자_여":15,"종결자_남_사망":0,"종결자_남_서비스거부":0,"종결자_남_기타":0,"종결자_여_사망":0,"종결자_여_서비스거부":0,"종결자_여_기타":0,"거점수행기관여부":true,"단기_전담인력_사회복지사_남":0,"단기_전담인력_사회복지사_여":0,"단기_전담인력_돌봄제공인력_남":0,"단기_전담인력_돌봄제공인력_여":0,"단기_남":0,"단기_여":0,"단기_기본_1개월":0,"단기_연장_2개월":0,"단기_기타":0,"단기_당월신규_남":0,"단기_당월신규_여":0,"단기_기간만료_남":0,"단기_기간만료_여":0,"단기_중도포기_남":0,"단기_중도포기_여":0,"배정_전담사회복지사":5,"배정_생활지원사":63,"배정_이용자":945,"변경여부":"변경없음"},{"제출일시":"2026-02-06T01:54:12.680Z","시군":"김해시","기관명":"생명의전화노인통합지원센터","기관코드":"A48250005","담당자_이름":"김경리","담당자_연락처":"010-3556-0116","전담사회복지사_남":1,"전담사회복지사_여":2,"생활지원사_남":0,"생활지원사_여":39,"일반중점_남_일반":128,"일반중점_남_중점":1,"일반중점_여_일반":412,"일반중점_여_중점":18,"특화_남":0,"특화_여":0,"신규대상자_남":3,"신규대상자_여":6,"종결자_남_사망":0,"종결자_남_서비스거부":0,"종결자_남_기타":0,"종결자_여_사망":0,"종결자_여_서비스거부":0,"종결자_여_기타":5,"거점수행기관여부":false,"단기_전담인력_사회복지사_남":0,"단기_전담인력_사회복지사_여":0,"단기_전담인력_돌봄제공인력_남":0,"단기_전담인력_돌봄제공인력_여":0,"단기_남":0,"단기_여":0,"단기_기본_1개월":0,"단기_연장_2개월":0,"단기_기타":0,"단기_당월신규_남":0,"단기_당월신규_여":0,"단기_기간만료_남":0,"단기_기간만료_여":0,"단기_중도포기_남":0,"단기_중도포기_여":0,"배정_전담사회복지사":3,"배정_생활지원사":43,"배정_이용자":619,"변경여부":"변경없음"},{"제출일시":"2026-02-06T02:13:46.539Z","시군":"사천시","기관명":"사랑원노인지원센터","기관코드":"A48240001","담당자_이름":"박초선","담당자_연락처":"010-2090-7208","전담사회복지사_남":0,"전담사회복지사_여":3,"생활지원사_남":1,"생활지원사_여":46,"일반중점_남_일반":83,"일반중점_남_중점":0,"일반중점_여_일반":605,"일반중점_여_중점":8,"특화_남":0,"특화_여":0,"신규대상자_남":0,"신규대상자_여":0,"종결자_남_사망":0,"종결자_남_서비스거부":1,"종결자_남_기타":0,"종결자_여_사망":0,"종결자_여_서비스거부":3,"종결자_여_기타":4,"거점수행기관여부":false,"단기_전담인력_사회복지사_남":0,"단기_전담인력_사회복지사_여":0,"단기_전담인력_돌봄제공인력_남":0,"단기_전담인력_돌봄제공인력_여":0,"단기_남":0,"단기_여":0,"단기_기본_1개월":0,"단기_연장_2개월":0,"단기_기타":0,"단기_당월신규_남":0,"단기_당월신규_여":0,"단기_기간만료_남":0,"단기_기간만료_여":0,"단기_중도포기_남":0,"단기_중도포기_여":0,"배정_전담사회복지사":3,"배정_생활지원사":47,"배정_이용자":723,"변경여부":"변경없음"},{"제출일시":"2026-02-06T02:20:36.806Z","시군":"창원시","기관명":"명진노인통합지원센터","기관코드":"A48120004","담당자_이름":"김영희","담당자_연락처":"010-2025-8701","전담사회복지사_남":0,"전담사회복지사_여":3,"생활지원사_남":0,"생활지원사_여":43,"일반중점_남_일반":99,"일반중점_남_중점":5,"일반중점_여_일반":498,"일반중점_여_중점":38,"특화_남":0,"특화_여":0,"신규대상자_남":3,"신규대상자_여":8,"종결자_남_사망":1,"종결자_남_서비스거부":1,"종결자_남_기타":2,"종결자_여_사망":0,"종결자_여_서비스거부":1,"종결자_여_기타":5,"거점수행기관여부":false,"단기_전담인력_사회복지사_남":0,"단기_전담인력_사회복지사_여":0,"단기_전담인력_돌봄제공인력_남":0,"단기_전담인력_돌봄제공인력_여":0,"단기_남":0,"단기_여":0,"단기_기본_1개월":0,"단기_연장_2개월":0,"단기_기타":0,"단기_당월신규_남":0,"단기_당월신규_여":0,"단기_기간만료_남":0,"단기_기간만료_여":0,"단기_중도포기_남":0,"단기_중도포기_여":0,"배정_전담사회복지사":3,"배정_생활지원사":44,"배정_이용자":662,"변경여부":"변경없음"},{"제출일시":"2026-02-06T03:05:47.486Z","시군":"거제시","기관명":"은빛노인통합지원센터","기관코드":"A48310004","담당자_이름":"박경지","담당자_연락처":"010-4845-0999","전담사회복지사_남":0,"전담사회복지사_여":2,"생활지원사_남":0,"생활지원사_여":33,"일반중점_남_일반":85,"일반중점_남_중점":6,"일반중점_여_일반":291,"일반중점_여_중점":33,"특화_남":2,"특화_여":6,"신규대상자_남":3,"신규대상자_여":10,"종결자_남_사망":0,"종결자_남_서비스거부":0,"종결자_남_기타":0,"종결자_여_사망":0,"종결자_여_서비스거부":1,"종결자_여_기타":2,"거점수행기관여부":false,"단기_전담인력_사회복지사_남":0,"단기_전담인력_사회복지사_여":0,"단기_전담인력_돌봄제공인력_남":0,"단기_전담인력_돌봄제공인력_여":0,"단기_남":0,"단기_여":0,"단기_기본_1개월":0,"단기_연장_2개월":0,"단기_기타":0,"단기_당월신규_남":0,"단기_당월신규_여":0,"단기_기간만료_남":0,"단기_기간만료_여":0,"단기_중도포기_남":0,"단기_중도포기_여":0,"배정_전담사회복지사":2,"배정_생활지원사":33,"배정_이용자":413,"변경여부":"변경없음"},{"제출일시":"2026-02-06T03:25:15.096Z","시군":"김해시","기관명":"효능원노인통합지원센터","기관코드":"A48250001","담당자_이름":"송흔순","담당자_연락처":"010-7678-7803","전담사회복지사_남":0,"전담사회복지사_여":5,"생활지원사_남":0,"생활지원사_여":36,"일반중점_남_일반":97,"일반중점_남_중점":13,"일반중점_여_일반":382,"일반중점_여_중점":21,"특화_남":4,"특화_여":13,"신규대상자_남":8,"신규대상자_여":17,"종결자_남_사망":0,"종결자_남_서비스거부":1,"종결자_남_기타":4,"종결자_여_사망":1,"종결자_여_서비스거부":0,"종결자_여_기타":6,"거점수행기관여부":true,"단기_전담인력_사회복지사_남":0,"단기_전담인력_사회복지사_여":1,"단기_전담인력_돌봄제공인력_남":0,"단기_전담인력_돌봄제공인력_여":0,"단기_남":0,"단기_여":0,"단기_기본_1개월":0,"단기_연장_2개월":0,"단기_기타":0,"단기_당월신규_남":0,"단기_당월신규_여":0,"단기_기간만료_남":0,"단기_기간만료_여":0,"단기_중도포기_남":0,"단기_중도포기_여":0,"배정_전담사회복지사":5,"배정_생활지원사":44,"배정_이용자":702,"변경여부":"변경없음"},{"제출일시":"2026-02-06T03:47:40.343Z","시군":"고성군","기관명":"사회적협동조합 노인세상","기관코드":"A48820005","담당자_이름":"강헌정","담당자_연락처":"010-8574-5392","전담사회복지사_남":0,"전담사회복지사_여":5,"생활지원사_남":0,"생활지원사_여":58,"일반중점_남_일반":125,"일반중점_남_중점":4,"일반중점_여_일반":770,"일반중점_여_중점":53,"특화_남":0,"특화_여":0,"신규대상자_남":1,"신규대상자_여":9,"종결자_남_사망":0,"종결자_남_서비스거부":0,"종결자_남_기타":0,"종결자_여_사망":0,"종결자_여_서비스거부":0,"종결자_여_기타":0,"거점수행기관여부":false,"단기_전담인력_사회복지사_남":0,"단기_전담인력_사회복지사_여":0,"단기_전담인력_돌봄제공인력_남":0,"단기_전담인력_돌봄제공인력_여":0,"단기_남":0,"단기_여":0,"단기_기본_1개월":0,"단기_연장_2개월":0,"단기_기타":0,"단기_당월신규_남":0,"단기_당월신규_여":0,"단기_기간만료_남":0,"단기_기간만료_여":0,"단기_중도포기_남":0,"단기_중도포기_여":0,"배정_전담사회복지사":5,"배정_생활지원사":64,"배정_이용자":985,"변경여부":"변경없음"},{"제출일시":"2026-02-06T04:29:28.894Z","시군":"창원시","기관명":"경남노인통합지원센터","기관코드":"A48120008","담당자_이름":"이영진","담당자_연락처":"055-2898-602","전담사회복지사_남":1,"전담사회복지사_여":3,"생활지원사_남":0,"생활지원사_여":47,"일반중점_남_일반":106,"일반중점_남_중점":13,"일반중점_여_일반":548,"일반중점_여_중점":36,"특화_남":3,"특화_여":3,"신규대상자_남":0,"신규대상자_여":0,"종결자_남_사망":0,"종결자_남_서비스거부":1,"종결자_남_기타":0,"종결자_여_사망":1,"종결자_여_서비스거부":4,"종결자_여_기타":6,"거점수행기관여부":true,"단기_전담인력_사회복지사_남":0,"단기_전담인력_사회복지사_여":0,"단기_전담인력_돌봄제공인력_남":0,"단기_전담인력_돌봄제공인력_여":0,"단기_남":0,"단기_여":0,"단기_기본_1개월":0,"단기_연장_2개월":0,"단기_기타":0,"단기_당월신규_남":0,"단기_당월신규_여":0,"단기_기간만료_남":0,"단기_기간만료_여":0,"단기_중도포기_남":0,"단기_중도포기_여":0,"배정_전담사회복지사":4,"배정_생활지원사":47,"배정_이용자":747,"변경여부":"변경없음"},{"제출일시":"2026-02-06T04:30:28.039Z","시군":"창원시","기관명":"마산회원노인종합복지관","기관코드":"A48120015","담당자_이름":"이미정","담당자_연락처":"010-2393-4175","전담사회복지사_남":1,"전담사회복지사_여":1,"생활지원사_남":0,"생활지원사_여":26,"일반중점_남_일반":85,"일반중점_남_중점":7,"일반중점_여_일반":279,"일반중점_여_중점":22,"특화_남":0,"특화_여":0,"신규대상자_남":5,"신규대상자_여":5,"종결자_남_사망":1,"종결자_남_서비스거부":1,"종결자_남_기타":0,"종결자_여_사망":0,"종결자_여_서비스거부":0,"종결자_여_기타":6,"거점수행기관여부":false,"단기_전담인력_사회복지사_남":0,"단기_전담인력_사회복지사_여":0,"단기_전담인력_돌봄제공인력_남":0,"단기_전담인력_돌봄제공인력_여":0,"단기_남":0,"단기_여":0,"단기_기본_1개월":0,"단기_연장_2개월":0,"단기_기타":0,"단기_당월신규_남":0,"단기_당월신규_여":0,"단기_기간만료_남":0,"단기_기간만료_여":0,"단기_중도포기_남":0,"단기_중도포기_여":0,"배정_전담사회복지사":2,"배정_생활지원사":29,"배정_이용자":430,"변경여부":"변경없음"},{"제출일시":"2026-02-06T04:31:05.587Z","시군":"하동군","기관명":"하동노인통합지원센터","기관코드":"A48850001","담당자_이름":"원미영","담당자_연락처":"010-5545-3617","전담사회복지사_남":1,"전담사회복지사_여":3,"생활지원사_남":1,"생활지원사_여":54,"일반중점_남_일반":119,"일반중점_남_중점":1,"일반중점_여_일반":674,"일반중점_여_중점":43,"특화_남":0,"특화_여":0,"신규대상자_남":4,"신규대상자_여":15,"종결자_남_사망":0,"종결자_남_서비스거부":0,"종결자_남_기타":4,"종결자_여_사망":0,"종결자_여_서비스거부":0,"종결자_여_기타":4,"거점수행기관여부":true,"단기_전담인력_사회복지사_남":0,"단기_전담인력_사회복지사_여":0,"단기_전담인력_돌봄제공인력_남":0,"단기_전담인력_돌봄제공인력_여":0,"단기_남":0,"단기_여":0,"단기_기본_1개월":0,"단기_연장_2개월":0,"단기_기타":0,"단기_당월신규_남":0,"단기_당월신규_여":0,"단기_기간만료_남":0,"단기_기간만료_여":0,"단기_중도포기_남":0,"단기_중도포기_여":0,"배정_전담사회복지사":5,"배정_생활지원사":55,"배정_이용자":845,"변경여부":"변경없음"},{"제출일시":"2026-02-06T04:32:12.530Z","시군":"김해시","기관명":"김해시종합사회복지관","기관코드":"A48250004","담당자_이름":"노춘자","담당자_연락처":"010-6327-5609","전담사회복지사_남":0,"전담사회복지사_여":4,"생활지원사_남":0,"생활지원사_여":38,"일반중점_남_일반":86,"일반중점_남_중점":5,"일반중점_여_일반":388,"일반중점_여_중점":25,"특화_남":0,"특화_여":0,"신규대상자_남":5,"신규대상자_여":15,"종결자_남_사망":0,"종결자_남_서비스거부":1,"종결자_남_기타":1,"종결자_여_사망":0,"종결자_여_서비스거부":2,"종결자_여_기타":4,"거점수행기관여부":false,"단기_전담인력_사회복지사_남":0,"단기_전담인력_사회복지사_여":0,"단기_전담인력_돌봄제공인력_남":0,"단기_전담인력_돌봄제공인력_여":0,"단기_남":0,"단기_여":0,"단기_기본_1개월":0,"단기_연장_2개월":0,"단기_기타":0,"단기_당월신규_남":0,"단기_당월신규_여":0,"단기_기간만료_남":0,"단기_기간만료_여":0,"단기_중도포기_남":0,"단기_중도포기_여":0,"배정_전담사회복지사":4,"배정_생활지원사":41,"배정_이용자":615,"변경여부":"변경없음"},{"제출일시":"2026-02-06T04:44:45.245Z","시군":"창녕군","기관명":"창녕군새누리노인종합센터","기관코드":"A48740002","담당자_이름":"황인숙","담당자_연락처":"010-4490-5857","전담사회복지사_남":0,"전담사회복지사_여":6,"생활지원사_남":0,"생활지원사_여":80,"일반중점_남_일반":177,"일반중점_남_중점":8,"일반중점_여_일반":907,"일반중점_여_중점":80,"특화_남":0,"특화_여":0,"신규대상자_남":5,"신규대상자_여":17,"종결자_남_사망":2,"종결자_남_서비스거부":1,"종결자_남_기타":3,"종결자_여_사망":2,"종결자_여_서비스거부":1,"종결자_여_기타":13,"거점수행기관여부":true,"단기_전담인력_사회복지사_남":0,"단기_전담인력_사회복지사_여":1,"단기_전담인력_돌봄제공인력_남":0,"단기_전담인력_돌봄제공인력_여":0,"단기_남":0,"단기_여":0,"단기_기본_1개월":0,"단기_연장_2개월":0,"단기_기타":0,"단기_당월신규_남":0,"단기_당월신규_여":0,"단기_기간만료_남":0,"단기_기간만료_여":0,"단기_중도포기_남":0,"단기_중도포기_여":0,"배정_전담사회복지사":6,"배정_생활지원사":80,"배정_이용자":1248,"변경여부":"변경없음"},{"제출일시":"2026-02-06T04:51:26.893Z","시군":"창원시","기관명":"진해서부노인종합복지관","기관코드":"A48120012","담당자_이름":"남애리","담당자_연락처":"010-2228-2978","전담사회복지사_남":0,"전담사회복지사_여":3,"생활지원사_남":0,"생활지원사_여":48,"일반중점_남_일반":115,"일반중점_남_중점":4,"일반중점_여_일반":577,"일반중점_여_중점":9,"특화_남":0,"특화_여":0,"신규대상자_남":0,"신규대상자_여":0,"종결자_남_사망":0,"종결자_남_서비스거부":0,"종결자_남_기타":0,"종결자_여_사망":0,"종결자_여_서비스거부":1,"종결자_여_기타":0,"거점수행기관여부":false,"단기_전담인력_사회복지사_남":0,"단기_전담인력_사회복지사_여":0,"단기_전담인력_돌봄제공인력_남":0,"단기_전담인력_돌봄제공인력_여":0,"단기_남":0,"단기_여":0,"단기_기본_1개월":0,"단기_연장_2개월":0,"단기_기타":0,"단기_당월신규_남":0,"단기_당월신규_여":0,"단기_기간만료_남":0,"단기_기간만료_여":0,"단기_중도포기_남":0,"단기_중도포기_여":0,"배정_전담사회복지사":3,"배정_생활지원사":48,"배정_이용자":705,"변경여부":"변경없음"},{"제출일시":"2026-02-06T05:09:30.624Z","시군":"통영시","기관명":"통영시종합사회복지관","기관코드":"A48220002","담당자_이름":"김재희","담당자_연락처":"010-6272-9387","전담사회복지사_남":0,"전담사회복지사_여":4,"생활지원사_남":0,"생활지원사_여":58,"일반중점_남_일반":148,"일반중점_남_중점":14,"일반중점_여_일반":611,"일반중점_여_중점":82,"특화_남":0,"특화_여":10,"신규대상자_남":4,"신규대상자_여":2,"종결자_남_사망":1,"종결자_남_서비스거부":2,"종결자_남_기타":2,"종결자_여_사망":0,"종결자_여_서비스거부":3,"종결자_여_기타":2,"거점수행기관여부":false,"단기_전담인력_사회복지사_남":0,"단기_전담인력_사회복지사_여":0,"단기_전담인력_돌봄제공인력_남":0,"단기_전담인력_돌봄제공인력_여":0,"단기_남":0,"단기_여":0,"단기_기본_1개월":0,"단기_연장_2개월":0,"단기_기타":0,"단기_당월신규_남":0,"단기_당월신규_여":0,"단기_기간만료_남":0,"단기_기간만료_여":0,"단기_중도포기_남":0,"단기_중도포기_여":0,"배정_전담사회복지사":4,"배정_생활지원사":59,"배정_이용자":897,"변경여부":"변경없음"},{"제출일시":"2026-02-06T05:30:55.600Z","시군":"창원시","기관명":"마산희망지역자활센터","기관코드":"A48120005","담당자_이름":"한수행","담당자_연락처":"070-4708-1905","전담사회복지사_남":0,"전담사회복지사_여":4,"생활지원사_남":0,"생활지원사_여":47,"일반중점_남_일반":95,"일반중점_남_중점":2,"일반중점_여_일반":569,"일반중점_여_중점":17,"특화_남":2,"특화_여":14,"신규대상자_남":1,"신규대상자_여":12,"종결자_남_사망":1,"종결자_남_서비스거부":0,"종결자_남_기타":2,"종결자_여_사망":0,"종결자_여_서비스거부":1,"종결자_여_기타":5,"거점수행기관여부":false,"단기_전담인력_사회복지사_남":0,"단기_전담인력_사회복지사_여":0,"단기_전담인력_돌봄제공인력_남":0,"단기_전담인력_돌봄제공인력_여":0,"단기_남":0,"단기_여":0,"단기_기본_1개월":0,"단기_연장_2개월":0,"단기_기타":0,"단기_당월신규_남":0,"단기_당월신규_여":0,"단기_기간만료_남":0,"단기_기간만료_여":0,"단기_중도포기_남":0,"단기_중도포기_여":0,"배정_전담사회복지사":4,"배정_생활지원사":47,"배정_이용자":717,"변경여부":"변경없음"},{"제출일시":"2026-02-06T05:33:25.994Z","시군":"창원시","기관명":"진해노인종합복지관","기관코드":"A48120013","담당자_이름":"장미경","담당자_연락처":"010-8503-1778","전담사회복지사_남":0,"전담사회복지사_여":4,"생활지원사_남":0,"생활지원사_여":43,"일반중점_남_일반":134,"일반중점_남_중점":0,"일반중점_여_일반":502,"일반중점_여_중점":4,"특화_남":0,"특화_여":0,"신규대상자_남":1,"신규대상자_여":4,"종결자_남_사망":0,"종결자_남_서비스거부":1,"종결자_남_기타":4,"종결자_여_사망":0,"종결자_여_서비스거부":13,"종결자_여_기타":4,"거점수행기관여부":false,"단기_전담인력_사회복지사_남":0,"단기_전담인력_사회복지사_여":0,"단기_전담인력_돌봄제공인력_남":0,"단기_전담인력_돌봄제공인력_여":0,"단기_남":0,"단기_여":0,"단기_기본_1개월":0,"단기_연장_2개월":0,"단기_기타":0,"단기_당월신규_남":0,"단기_당월신규_여":0,"단기_기간만료_남":0,"단기_기간만료_여":0,"단기_중도포기_남":0,"단기_중도포기_여":0,"배정_전담사회복지사":4,"배정_생활지원사":45,"배정_이용자":717,"변경여부":"변경없음"},{"제출일시":"2026-02-06T05:36:00.045Z","시군":"합천군","기관명":"코끼리행복복지센터","기관코드":"A48890005","담당자_이름":"서영이","담당자_연락처":"010-9611-7762","전담사회복지사_남":0,"전담사회복지사_여":4,"생활지원사_남":1,"생활지원사_여":49,"일반중점_남_일반":154,"일반중점_남_중점":3,"일반중점_여_일반":591,"일반중점_여_중점":40,"특화_남":0,"특화_여":0,"신규대상자_남":11,"신규대상자_여":17,"종결자_남_사망":1,"종결자_남_서비스거부":0,"종결자_남_기타":0,"종결자_여_사망":0,"종결자_여_서비스거부":1,"종결자_여_기타":7,"거점수행기관여부":false,"단기_전담인력_사회복지사_남":0,"단기_전담인력_사회복지사_여":0,"단기_전담인력_돌봄제공인력_남":0,"단기_전담인력_돌봄제공인력_여":0,"단기_남":0,"단기_여":0,"단기_기본_1개월":0,"단기_연장_2개월":0,"단기_기타":0,"단기_당월신규_남":0,"단기_당월신규_여":0,"단기_기간만료_남":0,"단기_기간만료_여":0,"단기_중도포기_남":0,"단기_중도포기_여":0,"배정_전담사회복지사":4,"배정_생활지원사":50,"배정_이용자":788,"변경여부":"변경없음"},{"제출일시":"2026-02-06T05:44:05.846Z","시군":"거제시","기관명":"거제노인통합지원센터","기관코드":"A48310001","담당자_이름":"우효선","담당자_연락처":"055-6382-111","전담사회복지사_남":0,"전담사회복지사_여":3,"생활지원사_남":0,"생활지원사_여":34,"일반중점_남_일반":72,"일반중점_남_중점":3,"일반중점_여_일반":357,"일반중점_여_중점":45,"특화_남":1,"특화_여":4,"신규대상자_남":4,"신규대상자_여":11,"종결자_남_사망":1,"종결자_남_서비스거부":1,"종결자_남_기타":4,"종결자_여_사망":0,"종결자_여_서비스거부":0,"종결자_여_기타":0,"거점수행기관여부":true,"단기_전담인력_사회복지사_남":0,"단기_전담인력_사회복지사_여":0,"단기_전담인력_돌봄제공인력_남":0,"단기_전담인력_돌봄제공인력_여":0,"단기_남":0,"단기_여":0,"단기_기본_1개월":0,"단기_연장_2개월":0,"단기_기타":0,"단기_당월신규_남":0,"단기_당월신규_여":0,"단기_기간만료_남":0,"단기_기간만료_여":0,"단기_중도포기_남":0,"단기_중도포기_여":0,"배정_전담사회복지사":3,"배정_생활지원사":34,"배정_이용자":477,"변경여부":"변경없음"},{"제출일시":"2026-02-06T07:29:45.597Z","시군":"하동군","기관명":"경남하동지역자활센터","기관코드":"A48850002","담당자_이름":"송혜민","담당자_연락처":"010-8604-2165","전담사회복지사_남":0,"전담사회복지사_여":4,"생활지원사_남":0,"생활지원사_여":54,"일반중점_남_일반":96,"일반중점_남_중점":6,"일반중점_여_일반":619,"일반중점_여_중점":40,"특화_남":0,"특화_여":0,"신규대상자_남":5,"신규대상자_여":8,"종결자_남_사망":0,"종결자_남_서비스거부":0,"종결자_남_기타":0,"종결자_여_사망":0,"종결자_여_서비스거부":0,"종결자_여_기타":3,"거점수행기관여부":true,"단기_전담인력_사회복지사_남":0,"단기_전담인력_사회복지사_여":1,"단기_전담인력_돌봄제공인력_남":0,"단기_전담인력_돌봄제공인력_여":0,"단기_남":0,"단기_여":0,"단기_기본_1개월":0,"단기_연장_2개월":0,"단기_기타":0,"단기_당월신규_남":0,"단기_당월신규_여":0,"단기_기간만료_남":0,"단기_기간만료_여":0,"단기_중도포기_남":0,"단기_중도포기_여":0,"배정_전담사회복지사":4,"배정_생활지원사":54,"배정_이용자":761,"변경여부":"변경없음"},{"제출일시":"2026-02-09T01:09:00.172Z","시군":"진주시","기관명":"공덕의집노인통합지원센터","기관코드":"A48170004","담당자_이름":"이선아","담당자_연락처":"055-7446-556","전담사회복지사_남":0,"전담사회복지사_여":3,"생활지원사_남":0,"생활지원사_여":48,"일반중점_남_일반":124,"일반중점_남_중점":1,"일반중점_여_일반":596,"일반중점_여_중점":11,"특화_남":0,"특화_여":0,"신규대상자_남":0,"신규대상자_여":2,"종결자_남_사망":1,"종결자_남_서비스거부":0,"종결자_남_기타":3,"종결자_여_사망":0,"종결자_여_서비스거부":0,"종결자_여_기타":4,"거점수행기관여부":false,"단기_전담인력_사회복지사_남":0,"단기_전담인력_사회복지사_여":0,"단기_전담인력_돌봄제공인력_남":0,"단기_전담인력_돌봄제공인력_여":0,"단기_남":0,"단기_여":0,"단기_기본_1개월":0,"단기_연장_2개월":0,"단기_기타":0,"단기_당월신규_남":0,"단기_당월신규_여":0,"단기_기간만료_남":0,"단기_기간만료_여":0,"단기_중도포기_남":0,"단기_중도포기_여":0,"배정_전담사회복지사":3,"배정_생활지원사":48,"배정_이용자":720,"변경여부":"변경없음"}]